PRAGMA foreign_keys=OFF;
BEGIN TRANSACTION;
CREATE TABLE config (key TEXT PRIMARY KEY, value INTEGER);
INSERT INTO config VALUES('channel_leaderboard',1449791275720245460);
INSERT INTO config VALUES('channel_log',1450450923255103548);
INSERT INTO config VALUES('channel_general',1449699468579438655);
INSERT INTO config VALUES('role_champion',1451100636526411867);
INSERT INTO config VALUES('role_rank_1',1451101024910577807);
INSERT INTO config VALUES('role_rank_2',1451101568496832624);
INSERT INTO config VALUES('role_rank_3',1451101705788719205);
INSERT INTO config VALUES('lb_msg_id',1454856483442397322);
CREATE TABLE flags (challenge_id TEXT PRIMARY KEY, flag_text TEXT, points INTEGER, category TEXT, msg_id INTEGER, channel_id INTEGER, image_url TEXT, posted_at INTEGER);
INSERT INTO flags VALUES('Deep-Dive','SGCTF{peel_the_onion}',25,'Cryptography',1454868942332891342,1449700322422427668,'https://cdn.discordapp.com/attachments/1449701392007827527/1449795213143834676/IMG_20251214_213716.jpg',1766938186);
INSERT INTO flags VALUES('Enigma''s Home','SGCTF{Bletchley_Park}',100,'OSINT',1454871223690465411,1449700322422427668,'https://cdn.discordapp.com/attachments/1449701392007827527/1449795213143834676/IMG_20251214_213716.jpg',1766938730);
CREATE TABLE scores (user_id INTEGER PRIMARY KEY, username TEXT, points INTEGER, last_solve_time INTEGER DEFAULT 0);
INSERT INTO scores VALUES(731083188150992928,'firestorm8142',125,1766999856);
INSERT INTO scores VALUES(847722017469366273,'melon__yt',160,1766938929);
INSERT INTO scores VALUES(909331311779516426,'fahadbinhashim',125,1766939915);
INSERT INTO scores VALUES(920272238488469514,'akhila_sunesh',160,1766938949);
INSERT INTO scores VALUES(955078904094281798,'goalazy',125,1766939564);
INSERT INTO scores VALUES(1160923683477540884,'angelinmathew._88586',125,1766943285);
INSERT INTO scores VALUES(1164778524104740905,'alexalencherry_91265',125,1766950788);
INSERT INTO scores VALUES(1171471633765122068,'aaa_1710',225,1766938796);
INSERT INTO scores VALUES(1182279918369914965,'__dona_123',125,1766983386);
INSERT INTO scores VALUES(1325651749612027944,'artemis_047',125,1766939726);
INSERT INTO scores VALUES(1339280435020173335,'majestic_monkey_83841',125,1766939496);
INSERT INTO scores VALUES(1387878160913137814,'_ash2713_38927',125,1767023348);
INSERT INTO scores VALUES(1446789509823070290,'eva041871',125,1767023914);
INSERT INTO scores VALUES(1454861419408523359,'athuljose0281',125,1766940172);
CREATE TABLE solves (user_id INTEGER, challenge_id TEXT, timestamp INTEGER, PRIMARY KEY (user_id, challenge_id));
INSERT INTO solves VALUES(1171471633765122068,'Deep-Dive',1766938261);
INSERT INTO solves VALUES(920272238488469514,'Deep-Dive',1766938302);
INSERT INTO solves VALUES(847722017469366273,'Deep-Dive',1766938425);
INSERT INTO solves VALUES(909331311779516426,'Deep-Dive',1766938620);
INSERT INTO solves VALUES(1171471633765122068,'Enigma''s Home',1766938796);
INSERT INTO solves VALUES(847722017469366273,'Enigma''s Home',1766938929);
INSERT INTO solves VALUES(920272238488469514,'Enigma''s Home',1766938949);
INSERT INTO solves VALUES(1325651749612027944,'Deep-Dive',1766939170);
INSERT INTO solves VALUES(1454861419408523359,'Deep-Dive',1766939199);
INSERT INTO solves VALUES(955078904094281798,'Enigma''s Home',1766939319);
INSERT INTO solves VALUES(1339280435020173335,'Deep-Dive',1766939345);
INSERT INTO solves VALUES(1339280435020173335,'Enigma''s Home',1766939496);
INSERT INTO solves VALUES(955078904094281798,'Deep-Dive',1766939564);
INSERT INTO solves VALUES(1325651749612027944,'Enigma''s Home',1766939726);
INSERT INTO solves VALUES(909331311779516426,'Enigma''s Home',1766939915);
INSERT INTO solves VALUES(1454861419408523359,'Enigma''s Home',1766940172);
INSERT INTO solves VALUES(1160923683477540884,'Deep-Dive',1766942555);
INSERT INTO solves VALUES(1160923683477540884,'Enigma''s Home',1766943285);
INSERT INTO solves VALUES(1164778524104740905,'Deep-Dive',1766950673);
INSERT INTO solves VALUES(1164778524104740905,'Enigma''s Home',1766950788);
INSERT INTO solves VALUES(1182279918369914965,'Deep-Dive',1766983194);
INSERT INTO solves VALUES(1182279918369914965,'Enigma''s Home',1766983386);
INSERT INTO solves VALUES(731083188150992928,'Deep-Dive',1766999126);
INSERT INTO solves VALUES(731083188150992928,'Enigma''s Home',1766999856);
INSERT INTO solves VALUES(1387878160913137814,'Deep-Dive',1767022895);
INSERT INTO solves VALUES(1446789509823070290,'Deep-Dive',1767023209);
INSERT INTO solves VALUES(1387878160913137814,'Enigma''s Home',1767023348);
INSERT INTO solves VALUES(1446789509823070290,'Enigma''s Home',1767023914);
CREATE TABLE banlist (user_id INTEGER PRIMARY KEY);
CREATE TABLE hints (id INTEGER PRIMARY KEY AUTOINCREMENT, challenge_id TEXT, hint_text TEXT, cost INTEGER);
CREATE TABLE unlocked_hints (user_id INTEGER, hint_id INTEGER, PRIMARY KEY (user_id, hint_id));
DELETE FROM sqlite_sequence;
COMMIT;
